Timestamp,consumption,generation,net_balance,L_flex_up,L_flex_down,imb,S,D,net_balance_updated,S_updated,D_updated,delta_net_balance,delta_S,delta_D,pDAM,pIDM,pAUp,pADown,pBMUp,pBMDown
2025-07-02 00:00:00,5.69013082493382,0.01586064512,-5.67427017981382,0.569013082493382,0.5121117742440437,0.4543385537497345,0.0,5.67427017981382,-6.377090230387383,0.0,6.377090230387383,-0.7028200505735631,0.0,0.7028200505735631,121.14200000000001,138.486,0.0,47.372,47.372,47.372
2025-07-02 00:15:00,5.576035189320666,0.0124857775075,-5.563549411813166,0.5576035189320666,0.5018431670388599,0.4497453837472336,0.0,5.563549411813166,-5.975679796523594,0.0,5.975679796523594,-0.4121303847104283,0.11498465321974405,0.5271150379301723,121.14200000000001,138.486,0.0,43.513999999999996,43.513999999999996,43.513999999999996
2025-07-02 00:30:00,5.461939553707512,0.009110909895,-5.452828643812512,0.5461939553707512,0.49157455983367604,0.4451522137447328,0.0,5.452828643812512,-5.574269362659805,0.0,5.574269362659805,-0.12144071884729346,0.2299693064394881,0.35141002528678156,121.14200000000001,138.486,0.0,12.436,12.436,12.436
2025-07-02 00:45:00,5.347843918094358,0.005736042282499999,-5.342107875811858,0.5347843918094358,0.4813059526284922,0.440559043742232,0.0,5.342107875811858,-5.172858928796017,0.0,5.172858928796017,0.16924894701584137,0.34495395965923215,0.17570501264339078,121.14200000000001,138.486,0.0,34.958,34.958,34.958
2025-07-02 01:00:00,5.233748282481204,0.00236117467,-5.231387107811204,0.5233748282481204,0.47103734542330833,0.4359658737397311,0.0,5.231387107811204,-4.771448494932228,0.0,4.771448494932228,0.4599386128789762,0.4599386128789762,-0.0,104.396,122.86800000000001,139.8,61.013999999999996,61.013999999999996,61.013999999999996
2025-07-02 01:15:00,5.19073394111378,0.0019652627925000003,-5.18876867832128,0.519073394111378,0.46716605470024014,0.4311127941902595,0.0,5.18876867832128,-4.934829234080773,0.0,4.934829234080773,0.2539394442405074,0.34495395965923215,0.09101451541872474,104.396,122.86800000000001,139.892,60.508,60.508,60.508
2025-07-02 01:30:00,5.147719599746356,0.001569350915,-5.146150248831356,0.5147719599746357,0.46329476397717195,0.4262597146407879,0.0,5.146150248831356,-5.098209973229317,0.0,5.098209973229317,0.04794027560203862,0.2299693064394881,0.18202903083744948,104.396,122.86800000000001,139.8,62.086,139.8,139.8
2025-07-02 01:45:00,5.104705258378932,0.0011734390375,-5.103531819341432,0.5104705258378932,0.4594234732541038,0.42140663509131626,0.0,5.103531819341432,-5.261590712377862,0.0,5.261590712377862,-0.15805889303643017,0.11498465321974405,0.2730435462561742,104.396,122.86800000000001,139.8,43.288,139.8,139.8
2025-07-02 02:00:00,5.061690917011507,0.00077752716,-5.060913389851508,0.5061690917011508,0.45555218253103563,0.41655355554184464,0.0,5.060913389851508,-5.424971451526407,0.0,5.424971451526407,-0.36405806167489896,0.0,0.36405806167489896,93.974,110.998,221.452,43.414,221.452,221.452
2025-07-02 02:15:00,5.091963283669207,0.00058314537,-5.091380138299208,0.5091963283669207,0.45827669553022865,0.4177044652844536,0.0,5.091380138299208,-5.5085574110961995,0.0,5.5085574110961995,-0.41717727279699224,0.0,0.41717727279699224,93.974,110.998,139.976,0.0,139.976,139.976
2025-07-02 02:30:00,5.122235650326907,0.00038876358,-5.121846886746907,0.5122235650326907,0.4610012085294216,0.41885537502706255,0.0,5.121846886746907,-5.592143370665992,0.0,5.592143370665992,-0.4702964839190855,0.0,0.4702964839190855,93.974,110.998,139.8,56.965999999999994,56.965999999999994,56.965999999999994
2025-07-02 02:45:00,5.152508016984607,0.00019438178999999997,-5.152313635194607,0.5152508016984607,0.4637257215286146,0.4200062847696715,0.0,5.152313635194607,-5.675729330235786,0.0,5.675729330235786,-0.5234156950411788,0.0,0.5234156950411788,93.974,110.998,0.0,48.848,48.848,48.848
2025-07-02 03:00:00,5.1827803836423065,0.0,-5.1827803836423065,0.5182780383642307,0.4664502345278076,0.42115719451228045,0.0,5.1827803836423065,-5.759315289805579,0.0,5.759315289805579,-0.5765349061632721,0.0,0.5765349061632721,93.51,106.33599999999998,0.0,54.013999999999996,54.013999999999996,54.013999999999996
2025-07-02 03:15:00,5.223768779056722,0.0,-5.223768779056722,0.5223768779056722,0.47013919011510497,0.42307040187338674,0.0,5.223768779056722,-5.696249331361345,0.0,5.696249331361345,-0.4724805523046234,0.0,0.4724805523046234,93.51,106.33599999999998,0.0,46.652,46.652,46.652
2025-07-02 03:30:00,5.2647571744711374,0.0,-5.2647571744711374,0.5264757174471137,0.47382814570240234,0.42498360923449297,0.0,5.2647571744711374,-5.633183372917111,0.0,5.633183372917111,-0.3684261984459747,0.0,0.3684261984459747,93.51,106.33599999999998,0.0,45.612,45.612,45.612
2025-07-02 03:45:00,5.305745569885552,0.0,-5.305745569885552,0.5305745569885553,0.4775171012896997,0.4268968165955992,0.0,5.305745569885552,-5.570117414472878,0.0,5.570117414472878,-0.264371844587326,0.0,0.264371844587326,93.51,106.33599999999998,0.0,39.336,39.336,39.336
2025-07-02 04:00:00,5.3467339652999675,0.0,-5.3467339652999675,0.5346733965299968,0.4812060568769971,0.4288100239567055,0.0,5.3467339652999675,-5.507051456028645,0.0,5.507051456028645,-0.1603174907286773,0.0,0.1603174907286773,92.034,101.422,0.0,48.58,48.58,48.58
2025-07-02 04:15:00,5.394390752059582,0.0,-5.394390752059582,0.5394390752059584,0.48549516768536244,0.43028101436580285,0.0,5.394390752059582,-5.399720796732932,0.0,5.399720796732932,-0.005330044673350187,0.11490807337315778,0.12023811804650797,92.034,101.422,0.0,46.102,48.58,48.58
2025-07-02 04:30:00,5.442047538819198,0.0,-5.442047538819198,0.5442047538819198,0.4897842784937278,0.43175200477490017,0.0,5.442047538819198,-5.292390137437221,0.0,5.292390137437221,0.14965740138197692,0.22981614674631556,0.08015874536433865,92.034,101.422,0.0,49.507999999999996,49.507999999999996,49.507999999999996
2025-07-02 04:45:00,5.489704325578813,0.0,-5.489704325578813,0.5489704325578812,0.49407338930209316,0.43322299518399754,0.0,5.489704325578813,-5.185059478141509,0.0,5.185059478141509,0.304644847437304,0.34472422011947335,0.04007937268216932,92.034,101.422,0.0,64.26,64.26,64.26
2025-07-02 05:00:00,5.537361112338428,0.0,-5.537361112338428,0.5537361112338428,0.4983625001104585,0.4346939855930949,0.0,5.537361112338428,-5.077728818845797,0.0,5.077728818845797,0.4596322934926311,0.4596322934926311,-0.0,100.99,99.26,0.0,53.824,53.824,53.824
2025-07-02 05:15:00,5.6377245348809355,0.02241133283174554,-5.61531320204919,0.5637724534880936,0.5073952081392842,0.4322686581240897,0.0,5.61531320204919,-5.320876090431704,0.0,5.320876090431704,0.29443711161748554,0.34472422011947335,0.05028710850198781,100.99,99.26,0.0,31.189999999999998,31.189999999999998,31.189999999999998
2025-07-02 05:30:00,5.738087957423443,0.04482266566349108,-5.6932652917599516,0.5738087957423443,0.5164279161681099,0.4298433306550845,0.0,5.6932652917599516,-5.564023362017611,0.0,5.564023362017611,0.12924192974233994,0.22981614674631556,0.10057421700397562,100.99,99.26,0.0,20.594,20.594,20.594
2025-07-02 05:45:00,5.83845137996595,0.06723399849523662,-5.771217381470713,0.583845137996595,0.5254606241969355,0.4274180031860793,0.0,5.771217381470713,-5.807170633603519,0.0,5.807170633603519,-0.035953252132805646,0.11490807337315778,0.15086132550596343,100.99,99.26,0.0,-916.758,-916.758,-916.758
2025-07-02 06:00:00,5.938814802508458,0.08964533132698216,-5.849169471181475,0.5938814802508458,0.5344933322257612,0.4249926757170741,0.0,5.849169471181475,-6.050317905189426,0.0,6.050317905189426,-0.20114843400795124,0.0,0.20114843400795124,115.67,120.44200000000001,0.0,-1048.196,-1048.196,-1048.196
2025-07-02 06:15:00,6.036836094170987,0.5796200464202981,-5.457216047750689,0.6036836094170988,0.5433152484753889,0.4301268946897556,0.0,5.457216047750689,-5.7129565678202585,0.0,5.7129565678202585,-0.2557405200695704,0.0,0.2557405200695704,115.67,120.44200000000001,0.0,-1265.684,-1265.684,-1265.684
2025-07-02 06:30:00,6.1348573858335165,1.0695947615136139,-5.065262624319902,0.6134857385833516,0.5521371647250165,0.4352611136624371,0.0,5.065262624319902,-5.375595230451092,0.0,5.375595230451092,-0.3103326061311895,0.0,0.3103326061311895,115.67,120.44200000000001,0.0,-924.3700000000001,-924.3700000000001,-924.3700000000001
2025-07-02 06:45:00,6.232878677496046,1.5595694766069301,-4.673309200889116,0.6232878677496045,0.5609590809746441,0.44039533263511854,0.0,4.673309200889116,-5.038233893081925,0.0,5.038233893081925,-0.36492469219280865,0.0,0.36492469219280865,115.67,120.44200000000001,0.0,-529.254,-529.254,-529.254
2025-07-02 07:00:00,6.330899969158575,2.049544191700246,-4.281355777458329,0.6330899969158575,0.5697809972242718,0.44552955160780006,0.0,4.281355777458329,-4.700872555712757,0.0,4.700872555712757,-0.4195167782544278,0.0,0.4195167782544278,111.19200000000001,77.864,0.0,30.746,30.746,30.746
2025-07-02 07:15:00,6.513875787059094,2.7279251183572493,-3.785950668701844,0.6513875787059094,0.5862488208353185,0.4444876552410355,0.0,3.785950668701844,-4.264990020823585,0.0,4.264990020823585,-0.4790393521217404,0.0,0.4790393521217404,111.19200000000001,77.864,0.0,38.230000000000004,38.230000000000004,38.230000000000004
2025-07-02 07:30:00,6.696851604959612,3.4063060450142526,-3.290545559945359,0.6696851604959613,0.6027166444463651,0.443445758874271,0.0,3.290545559945359,-3.829107485934412,0.0,3.829107485934412,-0.5385619259890531,0.0,0.5385619259890531,111.19200000000001,77.864,0.0,57.174,57.174,57.174
2025-07-02 07:45:00,6.87982742286013,4.084686971671256,-2.7951404511888738,0.6879827422860131,0.6191844680574117,0.4424038625075065,0.0,2.7951404511888738,-3.393224951045239,0.0,3.393224951045239,-0.5980844998563657,0.0,0.5980844998563657,111.19200000000001,77.864,0.0,60.8,60.8,60.8
2025-07-02 08:00:00,7.0628032407606485,4.763067898328259,-2.2997353424323883,0.7062803240760649,0.6356522916684584,0.44136196614074197,0.0,2.2997353424323883,-2.9573424161560666,0.0,2.9573424161560666,-0.6576070737236783,0.0,0.6576070737236783,106.14000000000001,88.77000000000001,139.8,74.49,139.8,139.8
2025-07-02 08:15:00,7.3203701507546795,5.517807070066093,-1.802563080688586,0.732037015075468,0.6588333135679212,0.4375570605700682,0.0,1.802563080688586,-2.566854834623853,0.0,2.566854834623853,-0.7642917539352672,0.0,0.7642917539352672,106.14000000000001,88.77000000000001,0.0,63.239999999999995,63.239999999999995,63.239999999999995
2025-07-02 08:30:00,7.577937060748711,6.272546241803926,-1.3053908189447836,0.7577937060748712,0.682014335467384,0.43375215499939446,0.0,1.3053908189447836,-2.1763672530916396,0.0,2.1763672530916396,-0.870976434146856,0.0,0.870976434146856,106.14000000000001,88.77000000000001,0.0,-612.076,-612.076,-612.076
2025-07-02 08:45:00,7.835503970742742,7.027285413541761,-0.8082185572009812,0.7835503970742742,0.7051953573668468,0.4299472494287207,0.0,0.8082185572009812,-1.785879671559426,0.0,1.785879671559426,-0.9776611143584448,0.0,0.9776611143584448,106.14000000000001,88.77000000000001,0.0,-1027.406,-1027.406,-1027.406
2025-07-02 09:00:00,8.093070880736773,7.782024585279594,-0.311046295457179,0.8093070880736773,0.7283763792663096,0.42614234385804695,0.0,0.311046295457179,-1.3953920900272125,0.0,1.3953920900272125,-1.0843457945700337,0.0,1.0843457945700337,91.608,62.42999999999999,0.0,-341.134,-341.134,-341.134
2025-07-02 09:15:00,7.9546945726596405,8.451098977454695,0.496404404795055,0.7954694572659641,0.7159225115393677,0.42984907165942843,0.7296891263879393,0.23328472159288424,-0.28011806614560597,0.7664260013748034,1.0465440675204094,-0.7765224709406611,0.036736874986864176,0.8132593459275252,91.608,62.42999999999999,0.0,-542.67,-542.67,-542.67
2025-07-02 09:30:00,7.816318264582508,9.120173369629796,1.303855105047289,0.7816318264582508,0.7034686438124257,0.4335557994608099,1.4593782527758785,0.1555231477285895,0.8351559577360006,1.5328520027496069,0.6976960450136063,-0.4686991473112885,0.07347374997372835,0.5421728972850168,91.608,62.42999999999999,0.0,-71.124,-71.124,-71.124
2025-07-02 09:45:00,7.677941956505375,9.789247761804898,2.111305805299523,0.7677941956505375,0.6910147760854837,0.4372625272621914,2.1890673791638178,0.07776157386429475,1.9504299816176074,2.2992780041244103,0.34884802250680313,-0.16087582368191589,0.11021062496059253,0.2710864486425084,91.608,62.42999999999999,0.0,-699.828,-699.828,-699.828
2025-07-02 10:00:00,7.539565648428242,10.45832215398,2.918756505551757,0.7539565648428243,0.6785609083585418,0.4409692550635729,2.918756505551757,-0.0,3.0657040054992137,3.0657040054992137,-0.0,0.1469474999474567,0.1469474999474567,-0.0,77.378,33.936,110.0,-50.128,-50.128,-50.128
2025-07-02 10:15:00,7.238550650511009,10.459205746044999,3.2206550955339903,0.723855065051101,0.6514695585459908,0.4397975196895129,3.2206550955339903,0.0,3.082635996354292,3.082635996354292,0.0,-0.13801909917969812,0.11021062496059253,0.24822972414029065,77.378,33.936,110.0,64.904,64.904,64.904
2025-07-02 10:30:00,6.937535652593776,10.460089338109999,3.5225536855162236,0.6937535652593776,0.6243782087334397,0.43862578431545296,3.5225536855162236,0.0,3.0995679872093707,3.0995679872093707,0.0,-0.42298569830685295,0.07347374997372835,0.4964594482805813,77.378,33.936,110.0,-695.6560000000001,-695.6560000000001,-695.6560000000001
2025-07-02 10:45:00,6.636520654676543,10.460972930175,3.824452275498457,0.6636520654676543,0.5972868589208888,0.43745404894139306,3.824452275498457,0.0,3.116499978064449,3.116499978064449,0.0,-0.7079522974340078,0.036736874986864176,0.744689172420872,77.378,33.936,0.0,-418.90200000000004,-418.90200000000004,-418.90200000000004
2025-07-02 11:00:00,6.3355056567593095,10.46185652224,4.12635086548069,0.633550565675931,0.5701955091083378,0.4362823135673331,4.12635086548069,-0.0,3.1334319689195276,3.1334319689195276,-0.0,-0.9929188965611626,0.0,0.9929188965611626,64.088,24.908,115.66199999999999,37.392,115.66199999999999,115.66199999999999
2025-07-02 11:15:00,6.326906073893323,10.438932734989319,4.112026661095996,0.6326906073893324,0.5694215466503991,0.4419658783516809,4.112026661095996,0.0,3.280984303703467,3.280984303703467,0.0,-0.8310423573925285,0.0,0.8310423573925285,64.088,24.908,127.77000000000001,0.0,127.77000000000001,127.77000000000001
2025-07-02 11:30:00,6.318306491027337,10.416008947738638,4.097702456711301,0.6318306491027337,0.5686475841924603,0.4476494431360287,4.097702456711301,0.0,3.4285366384874063,3.4285366384874063,0.0,-0.6691658182238944,0.0,0.6691658182238944,64.088,24.908,109.968,78.0,109.968,109.968
2025-07-02 11:45:00,6.309706908161351,10.393085160487956,4.083378252326606,0.6309706908161351,0.5678736217345215,0.45333300792037656,4.083378252326606,0.0,3.5760889732713457,3.5760889732713457,0.0,-0.5072892790552603,0.0,0.5072892790552603,64.088,24.908,110.0,73.578,110.0,110.0
2025-07-02 12:00:00,6.301107325295364,10.370161373237275,4.069054047941911,0.6301107325295364,0.5670996592765828,0.45901657270472435,4.069054047941911,-0.0,3.723641308055285,3.723641308055285,-0.0,-0.34541273988662624,0.0,0.34541273988662624,44.58,29.692,110.0,36.362,36.362,36.362
2025-07-02 12:15:00,6.3854735834332,10.081679792382907,3.696206208949708,0.63854735834332,0.574692622508988,0.4519318977708055,3.696206208949708,0.0,3.5229121175346507,3.5229121175346507,0.0,-0.17329409141505703,0.08576546349991265,0.2590595549149697,44.58,29.692,0.0,36.714,36.714,36.714
2025-07-02 12:30:00,6.469839841571035,9.79319821152854,3.3233583699575044,0.6469839841571036,0.5822855857413932,0.44484722283688666,3.3233583699575044,0.0,3.3221829270140164,3.3221829270140164,0.0,-0.0011754429434878144,0.1715309269998253,0.17270636994331312,44.58,29.692,0.0,-710.154,-710.154,-710.154
2025-07-02 12:45:00,6.554206099708871,9.504716630674173,2.9505105309653006,0.6554206099708871,0.5898785489737984,0.4377625479029678,2.9505105309653006,0.0,3.121453736493382,3.121453736493382,0.0,0.1709432055280814,0.25729639049973796,0.08635318497165656,44.58,29.692,0.0,-574.592,-574.592,-574.592
2025-07-02 13:00:00,6.638572357846707,9.216235049819804,2.577662691973097,0.6638572357846707,0.5974715122062036,0.43067787296904897,2.577662691973097,-0.0,2.9207245459727478,2.9207245459727478,-0.0,0.3430618539996506,0.3430618539996506,-0.0,33.010000000000005,18.502000000000002,0.0,-570.042,-570.042,-570.042
2025-07-02 13:15:00,6.602042038161692,8.80660956412491,2.204567525963218,0.6602042038161693,0.5941837834345522,0.4339220448365571,2.204567525963218,0.0,2.471562736311995,2.471562736311995,0.0,0.2669952103487769,0.2669952103487769,0.0,33.010000000000005,18.502000000000002,0.0,-254.82399999999998,-254.82399999999998,-254.82399999999998
2025-07-02 13:30:00,6.565511718476678,8.396984078430016,1.831472359953339,0.6565511718476678,0.590896054662901,0.43716621670406525,1.831472359953339,0.0,2.022400926651242,2.022400926651242,0.0,0.19092856669790315,0.19092856669790315,0.0,33.010000000000005,18.502000000000002,109.982,-441.41400000000004,-80.694,-80.694
2025-07-02 13:45:00,6.528981398791663,7.987358592735124,1.4583771939434598,0.6528981398791663,0.5876083258912497,0.4404103885715734,1.4583771939434598,0.0,1.5732391169904891,1.5732391169904891,0.0,0.11486192304702941,0.11486192304702941,0.0,33.010000000000005,18.502000000000002,109.772,-635.028,-92.738,-92.738
2025-07-02 14:00:00,6.492451079106648,7.577733107040229,1.0852820279335806,0.6492451079106649,0.5843205971195983,0.4436545604390815,1.0852820279335806,-0.0,1.1240773073297363,1.1240773073297363,-0.0,0.03879527939615568,0.03879527939615568,-0.0,53.714,27.174,0.0,-183.702,-24.838,-24.838
2025-07-02 14:15:00,6.600922632751199,7.109067900684213,0.5081452679330141,0.6600922632751199,0.5940830369476078,0.4460847708289914,0.8139615209501855,0.30581625301717147,0.38248235534217656,0.8430579804973022,0.4605756251551256,-0.1256629125908374,0.02909645954711676,0.15475937213795415,53.714,27.174,0.0,-509.166,-139.576,-139.576
2025-07-02 14:30:00,6.709394186395749,6.640402694328197,-0.0689914920675525,0.670939418639575,0.6038454767756174,0.4485149812189013,0.5426410139667903,0.6116325060343429,-0.3591125966453832,0.5620386536648682,0.9211512503102512,-0.29012110457783047,0.01939763969807784,0.3095187442759083,53.714,27.174,0.0,-607.574,-273.434,-273.434
2025-07-02 14:45:00,6.8178657400402995,6.17173748797218,-0.6461282520681191,0.68178657400403,0.613607916603627,0.4509451916088112,0.27132050698339516,0.9174487590515144,-1.1007075486329427,0.28101932683243414,1.3817268754653769,-0.45457929656482354,0.00969881984903892,0.46427811641386246,53.714,27.174,0.0,15.028,8.572,8.572
2025-07-02 15:00:00,6.92633729368485,5.703072281616164,-1.2232650120686859,0.692633729368485,0.6233703564316365,0.45337540199872106,0.0,1.2232650120686859,-1.8423025006205025,0.0,1.8423025006205025,-0.6190374885518166,0.0,0.6190374885518166,73.076,73.792,0.0,36.763999999999996,13.225999999999999,13.225999999999999
2025-07-02 15:15:00,6.998524805216232,5.1933146149881075,-1.8052101902281246,0.6998524805216233,0.629867232469461,0.4522631366190015,0.0,1.8052101902281246,-2.56839028559838,0.0,2.56839028559838,-0.7631800953702554,0.0,0.7631800953702554,73.076,73.792,109.88199999999999,57.334,109.88199999999999,109.88199999999999
2025-07-02 15:30:00,7.070712316747615,4.683556948360051,-2.387155368387563,0.7070712316747615,0.6363641085072853,0.451150871239282,0.0,2.387155368387563,-3.2944780705762575,0.0,3.2944780705762575,-0.9073227021886942,0.0,0.9073227021886942,73.076,73.792,109.88199999999999,57.334,109.88199999999999,109.88199999999999
2025-07-02 15:45:00,7.142899828278997,4.173799281731995,-2.969100546547002,0.7142899828278997,0.6428609845451096,0.4500386058595624,0.0,2.969100546547002,-4.0205658555541355,0.0,4.0205658555541355,-1.0514653090071329,0.0,1.0514653090071329,73.076,73.792,109.924,34.586,109.924,109.924
2025-07-02 16:00:00,7.215087339810379,3.6640416151039386,-3.551045724706441,0.721508733981038,0.6493578605829341,0.44892634047984287,0.0,3.551045724706441,-4.7466536405320126,0.0,4.7466536405320126,-1.1956079158255717,0.0,1.1956079158255717,87.00399999999999,89.176,0.0,-834.5260000000001,-834.5260000000001,-834.5260000000001
2025-07-02 16:15:00,7.270180853797649,3.3117412165502014,-3.958439637247448,0.727018085379765,0.6543162768417885,0.4408957535492757,0.0,3.958439637247448,-4.975350368747241,0.0,4.975350368747241,-1.0169107314997934,0.0,1.0169107314997934,87.00399999999999,89.176,0.0,-318.634,-318.634,-318.634
2025-07-02 16:30:00,7.32527436778492,2.9594408179964646,-4.365833549788455,0.7325274367784921,0.6592746931006428,0.43286516661870844,0.0,4.365833549788455,-5.204047096962471,0.0,5.204047096962471,-0.8382135471740151,0.0,0.8382135471740151,87.00399999999999,89.176,109.824,10.709999999999999,10.709999999999999,10.709999999999999
2025-07-02 16:45:00,7.380367881772191,2.607140419442728,-4.773227462329463,0.7380367881772192,0.6642331093594971,0.4248345796881412,0.0,4.773227462329463,-5.4327438251777,0.0,5.4327438251777,-0.6595163628482368,0.0,0.6595163628482368,87.00399999999999,89.176,0.0,-374.402,-374.402,-374.402
2025-07-02 17:00:00,7.435461395759461,2.2548400208889907,-5.18062137487047,0.7435461395759462,0.6691915256183515,0.416803992757574,0.0,5.18062137487047,-5.661440553392929,0.0,5.661440553392929,-0.4808191785224585,0.0,0.4808191785224585,116.94800000000001,99.31,0.0,-696.404,-696.404,-696.404
2025-07-02 17:15:00,7.468305229912682,2.189361063384304,-5.278944166528378,0.7468305229912683,0.6721474706921413,0.4209605286066971,0.0,5.278944166528378,-5.752859193238326,0.0,5.752859193238326,-0.4739150267099477,0.0,0.4739150267099477,116.94800000000001,99.31,0.0,24.288,24.288,24.288
2025-07-02 17:30:00,7.501149064065903,2.123882105879617,-5.377266958186286,0.7501149064065904,0.6751034157659312,0.4251170644558201,0.0,5.377266958186286,-5.844277833083723,0.0,5.844277833083723,-0.46701087489743687,0.0,0.46701087489743687,116.94800000000001,99.31,0.0,8.290000000000001,8.290000000000001,8.290000000000001
2025-07-02 17:45:00,7.533992898219124,2.0584031483749303,-5.475589749844194,0.7533992898219125,0.6780593608397212,0.42927360030494316,0.0,5.475589749844194,-5.93569647292912,0.0,5.93569647292912,-0.46010672308492606,0.0,0.46010672308492606,116.94800000000001,99.31,138.16,65.15,65.15,65.15
2025-07-02 18:00:00,7.566836732372345,1.9929241908702435,-5.573912541502102,0.7566836732372346,0.681015305913511,0.4334301361540662,0.0,5.573912541502102,-6.027115112774517,0.0,6.027115112774517,-0.45320257127241526,0.0,0.45320257127241526,175.916,161.262,0.0,-462.26800000000003,-462.26800000000003,-462.26800000000003
2025-07-02 18:15:00,7.529713794704605,1.914189392736702,-5.615524401967903,0.7529713794704607,0.6776742415234144,0.4384980328031757,0.0,5.615524401967903,-6.035311195592166,0.0,6.035311195592166,-0.4197867936242621,0.0,0.4197867936242621,175.916,161.262,128.268,50.896,50.896,50.896
2025-07-02 18:30:00,7.492590857036865,1.8354545946031604,-5.6571362624337045,0.7492590857036866,0.6743331771333179,0.4435659294522852,0.0,5.6571362624337045,-6.043507278409814,0.0,6.043507278409814,-0.3863710159761089,0.0,0.3863710159761089,175.916,161.262,137.56400000000002,64.876,64.876,64.876
2025-07-02 18:45:00,7.455467919369125,1.756719796469619,-5.698748122899507,0.7455467919369125,0.6709921127432212,0.4486338261013947,0.0,5.698748122899507,-6.051703361227462,0.0,6.051703361227462,-0.3529552383279557,0.0,0.3529552383279557,175.916,161.262,137.632,65.91,65.91,65.91
2025-07-02 19:00:00,7.418344981701385,1.6779849983360775,-5.740359983365308,0.7418344981701386,0.6676510483531246,0.45370172275050413,0.0,5.740359983365308,-6.059899444045111,0.0,6.059899444045111,-0.31953946067980254,0.0,0.31953946067980254,401.024,341.96,0.0,-375.964,-375.964,-375.964
2025-07-02 19:15:00,7.4180277627800155,1.5622463602095775,-5.855781402570438,0.7418027762780016,0.6676224986502013,0.4515663516446474,0.0,5.855781402570438,-6.0320649483249795,0.0,6.0320649483249795,-0.1762835457545413,0.0633710497553106,0.2396545955098519,401.024,341.96,0.0,5.282,5.282,5.282
2025-07-02 19:30:00,7.417710543858646,1.4465077220830775,-5.971202821775568,0.7417710543858647,0.6675939489472781,0.44943098053879066,0.0,5.971202821775568,-6.0042304526048484,0.0,6.0042304526048484,-0.033027630829280064,0.1267420995106212,0.15976973033990127,401.024,341.96,214.79000000000002,65.186,214.79000000000002,214.79000000000002
2025-07-02 19:45:00,7.417393324937276,1.3307690839565776,-6.086624240980699,0.7417393324937276,0.6675653992443549,0.4472956094329339,0.0,6.086624240980699,-5.976395956884717,0.0,5.976395956884717,0.11022828409598118,0.1901131492659318,0.07988486516995064,401.024,341.96,244.91,0.0,244.91,244.91
2025-07-02 20:00:00,7.417076106015906,1.2150304458300776,-6.202045660185829,0.7417076106015906,0.6675368495414316,0.4451602383270772,0.0,6.202045660185829,-5.948561461164586,0.0,5.948561461164586,0.2534841990212424,0.2534841990212424,-0.0,425.596,337.452,139.908,49.85,49.85,49.85
2025-07-02 20:15:00,7.454533779880103,1.0300471220393979,-6.424486657840706,0.7454533779880104,0.6709080401892094,0.44947428082997654,0.0,6.424486657840706,-6.206205858512621,0.0,6.206205858512621,0.21828079932808486,0.21828079932808486,0.0,425.596,337.452,0.0,50.548,50.548,50.548
2025-07-02 20:30:00,7.491991453744301,0.8450637982487184,-6.646927655495583,0.7491991453744302,0.6742792308369872,0.45378832333287583,0.0,6.646927655495583,-6.463850255860656,0.0,6.463850255860656,0.1830773996349273,0.1830773996349273,0.0,425.596,337.452,0.0,54.260000000000005,54.260000000000005,54.260000000000005
2025-07-02 20:45:00,7.529449127608499,0.6600804744580387,-6.86936865315046,0.75294491276085,0.6776504214847648,0.4581023658357751,0.0,6.86936865315046,-6.7214946532086906,0.0,6.7214946532086906,0.14787399994176975,0.14787399994176975,0.0,425.596,337.452,135.51600000000002,63.260000000000005,135.51600000000002,135.51600000000002
2025-07-02 21:00:00,7.566906801472697,0.4750971506673592,-7.091809650805337,0.7566906801472697,0.6810216121325426,0.4624164083386745,0.0,7.091809650805337,-6.979139050556725,0.0,6.979139050556725,0.1126706002486122,0.1126706002486122,-0.0,203.148,146.386,0.0,40.312,40.312,40.312
2025-07-02 21:15:00,7.5927810842808325,0.3942190832630194,-7.198562001017813,0.7592781084280833,0.6833502975852749,0.456355888645438,0.0,7.198562001017813,-7.4233161027844705,0.0,7.4233161027844705,-0.22475410176665744,0.08450295018645915,0.3092570519531166,203.148,146.386,0.0,37.524,37.524,37.524
2025-07-02 21:30:00,7.618655367088969,0.3133410158586796,-7.30531435123029,0.7618655367088969,0.6856789830380072,0.45029536895220157,0.0,7.30531435123029,-7.867493155012217,0.0,7.867493155012217,-0.5621788037819271,0.0563353001243061,0.6185141039062332,203.148,146.386,0.0,36.089999999999996,36.089999999999996,36.089999999999996
2025-07-02 21:45:00,7.644529649897105,0.2324629484543398,-7.412066701442766,0.7644529649897106,0.6880076684907395,0.44423484925896517,0.0,7.412066701442766,-8.311670207239963,0.0,8.311670207239963,-0.8996035057971967,0.02816765006215305,0.9277711558593498,203.148,146.386,0.0,34.038,34.038,34.038
2025-07-02 22:00:00,7.670403932705241,0.15158488105,-7.5188190516552424,0.7670403932705242,0.6903363539434717,0.4381743295657287,0.0,7.5188190516552424,-8.755847259467709,0.0,8.755847259467709,-1.2370282078124664,0.0,1.2370282078124664,139.368,122.81800000000001,0.0,52.636,52.636,52.636
2025-07-02 22:15:00,7.592095000131995,0.1312068123225,-7.460888187809497,0.7592095000131995,0.6832885500118795,0.44312758433046706,0.0,7.460888187809497,-8.471371807510334,0.0,8.471371807510334,-1.0104836197008378,0.0,1.0104836197008378,139.368,122.81800000000001,0.0,60.552,60.552,60.552
2025-07-02 22:30:00,7.513786067558749,0.110828743595,-7.40295732396375,0.751378606755875,0.6762407460802874,0.44808083909520546,0.0,7.40295732396375,-8.186896355552959,0.0,8.186896355552959,-0.7839390315892092,0.0,0.7839390315892092,139.368,122.81800000000001,0.0,3.3259999999999996,3.3259999999999996,3.3259999999999996
2025-07-02 22:45:00,7.435477134985503,0.09045067486750001,-7.345026460118003,0.7435477134985504,0.6691929421486953,0.4530340938599438,0.0,7.345026460118003,-7.902420903595584,0.0,7.902420903595584,-0.5573944434775806,0.0,0.5573944434775806,139.368,122.81800000000001,0.0,21.919999999999998,21.919999999999998,21.919999999999998
2025-07-02 23:00:00,7.357168202412257,0.07007260614000001,-7.287095596272257,0.7357168202412258,0.6621451382171031,0.45798734862468216,0.0,7.287095596272257,-7.617945451638209,0.0,7.617945451638209,-0.330849855365952,0.0,0.330849855365952,114.224,102.418,243.012,43.824,243.012,243.012
2025-07-02 23:15:00,7.357168202412257,0.07007260614000001,-7.287095596272257,0.7357168202412258,0.6621451382171031,0.45798734862468216,0.0,7.287095596272257,-7.617945451638209,0.0,7.617945451638209,-0.330849855365952,0.0,0.330849855365952,114.224,102.418,216.356,78.0,216.356,216.356
2025-07-02 23:30:00,7.357168202412257,0.07007260614000001,-7.287095596272257,0.7357168202412258,0.6621451382171031,0.45798734862468216,0.0,7.287095596272257,-7.617945451638209,0.0,7.617945451638209,-0.330849855365952,0.0,0.330849855365952,114.224,102.418,108.0,60.879999999999995,60.879999999999995,60.879999999999995
2025-07-02 23:45:00,7.357168202412257,0.07007260614000001,-7.287095596272257,0.7357168202412258,0.6621451382171031,0.45798734862468216,0.0,7.287095596272257,-7.617945451638209,0.0,7.617945451638209,-0.330849855365952,0.0,0.330849855365952,114.224,102.418,0.0,58.902,58.902,58.902
